{
    "currencies": [
      {
        "name": "United State",
        "code": "USD",
        "country": "US",
        "conversion": 0.75  
      },
      {
        "name": "United Kingdom",
        "code": "GBP",
        "country": "UK",
        "conversion": 0.5
      },
      {
        "name": "Japanese",
        "code": "JPY",
        "country": "JAP",
        "conversion": 100
      },
      {
        "name": "Thailand",
        "code": "THB",
        "country": "THA",
        "conversion": 26.0
      }
    ]
  }